1	"Mathematics"	"MATHEMATICS, APPLIED"	"Natural Sciences"
1	"Mathematics"	"MATHEMATICS, INTERDISCIPLINARY APPLICATIONS"	"Natural Sciences"
1	"Mathematics"	"MATHEMATICS"	"Natural Sciences"
1	"Mathematics"	"PHYSICS, MATHEMATICAL"	"Natural Sciences"
1	"Mathematics"	"STATISTICS & PROBABILITY"	"Natural Sciences"
1	"Computer and information sciences"	"COMPUTER SCIENCE, ARTIFICIAL INTELLIGENCE"	"Natural Sciences"
1	"Computer and information sciences"	"COMPUTER SCIENCE, CYBERNETICS"	"Natural Sciences"
1	"Computer and information sciences"	"COMPUTER SCIENCE, INFORMATION SYSTEMS"	"Natural Sciences"
1	"Computer and information sciences"	"COMPUTER SCIENCE, INTERDISCIPLINARY APPLICATIONS"	"Natural Sciences"
1	"Computer and information sciences"	"COMPUTER SCIENCE, SOFTWARE ENGINEERING"	"Natural Sciences"
1	"Computer and information sciences"	"COMPUTER SCIENCE, THEORY & METHODS"	"Natural Sciences"
1	"Physical sciences"	"ACOUSTICS"	"Natural Sciences"
1	"Physical sciences"	"ASTRONOMY & ASTROPHYSICS"	"Natural Sciences"
1	"Physical sciences"	"OPTICS"	"Natural Sciences"
1	"Physical sciences"	"PHYSICS, APPLIED"	"Natural Sciences"
1	"Physical sciences"	"PHYSICS, FLUIDS & PLASMAS"	"Natural Sciences"
1	"Physical sciences"	"PHYSICS, ATOMIC, MOLECULAR & CHEMICAL"	"Natural Sciences"
1	"Physical sciences"	"PHYSICS, MULTIDISCIPLINARY"	"Natural Sciences"
1	"Physical sciences"	"PHYSICS, CONDENSED MATTER"	"Natural Sciences"
1	"Physical sciences"	"PHYSICS, NUCLEAR"	"Natural Sciences"
1	"Physical sciences"	"PHYSICS, PARTICLES & FIELDS"	"Natural Sciences"
1	"Chemical sciences"	"CHEMISTRY, APPLIED"	"Natural Sciences"
1	"Chemical sciences"	"CHEMISTRY, MULTIDISCIPLINARY"	"Natural Sciences"
1	"Chemical sciences"	"CHEMISTRY, ANALYTICAL"	"Natural Sciences"
1	"Chemical sciences"	"CHEMISTRY, INORGANIC & NUCLEAR"	"Natural Sciences"
1	"Chemical sciences"	"CHEMISTRY, ORGANIC"	"Natural Sciences"
1	"Chemical sciences"	"CHEMISTRY, PHYSICAL"	"Natural Sciences"
1	"Chemical sciences"	"CRYSTALLOGRAPHY"	"Natural Sciences"
1	"Chemical sciences"	"ELECTROCHEMISTRY"	"Natural Sciences"
1	"Chemical sciences"	"POLYMER SCIENCE"	"Natural Sciences"
1	"Earth and related environmental sciences"	"GEOCHEMISTRY & GEOPHYSICS"	"Natural Sciences"
1	"Earth and related environmental sciences"	"ENVIRONMENTAL SCIENCES"	"Natural Sciences"
1	"Earth and related environmental sciences"	"GEOGRAPHY, PHYSICAL"	"Natural Sciences"
1	"Earth and related environmental sciences"	"GEOLOGY"	"Natural Sciences"
1	"Earth and related environmental sciences"	"GEOSCIENCES, MULTIDISCIPLINARY"	"Natural Sciences"
1	"Earth and related environmental sciences"	"METEOROLOGY & ATMOSPHERIC SCIENCES"	"Natural Sciences"
1	"Earth and related environmental sciences"	"MINERALOGY"	"Natural Sciences"
1	"Earth and related environmental sciences"	"OCEANOGRAPHY"	"Natural Sciences"
1	"Earth and related environmental sciences"	"PALEONTOLOGY"	"Natural Sciences"
1	"Earth and related environmental sciences"	"WATER RESOURCES"	"Natural Sciences"
1	"Biological sciences"	"BIODIVERSITY CONSERVATION"	"Natural Sciences"
1	"Biological sciences"	"BIOCHEMICAL RESEARCH METHODS"	"Natural Sciences"
1	"Biological sciences"	"BIOCHEMISTRY & MOLECULAR BIOLOGY"	"Natural Sciences"
1	"Biological sciences"	"BIOLOGY"	"Natural Sciences"
1	"Biological sciences"	"BIOLOGY, MISCELLANEOUS"	"Natural Sciences"
1	"Biological sciences"	"BIOPHYSICS"	"Natural Sciences"
1	"Biological sciences"	"PLANT SCIENCES"	"Natural Sciences"
1	"Biological sciences"	"CELL BIOLOGY"	"Natural Sciences"
1	"Biological sciences"	"ECOLOGY"	"Natural Sciences"
1	"Biological sciences"	"EVOLUTIONARY BIOLOGY"	"Natural Sciences"
1	"Biological sciences"	"DEVELOPMENTAL BIOLOGY"	"Natural Sciences"
1	"Biological sciences"	"ENTOMOLOGY"	"Natural Sciences"
1	"Biological sciences"	"GENETICS & HEREDITY"	"Natural Sciences"
1	"Biological sciences"	"MATHEMATICAL & COMPUTATIONAL BIOLOGY"	"Natural Sciences"
1	"Biological sciences"	"LIMNOLOGY"	"Natural Sciences"
1	"Biological sciences"	"MARINE & FRESHWATER BIOLOGY"	"Natural Sciences"
1	"Biological sciences"	"MICROBIOLOGY"	"Natural Sciences"
1	"Biological sciences"	"MYCOLOGY"	"Natural Sciences"
1	"Biological sciences"	"ORNITHOLOGY"	"Natural Sciences"
1	"Biological sciences"	"REPRODUCTIVE BIOLOGY"	"Natural Sciences"
1	"Biological sciences"	"VIROLOGY"	"Natural Sciences"
1	"Biological sciences"	"ZOOLOGY"	"Natural Sciences"
1	"Other natural sciences"	"MULTIDISCIPLINARY SCIENCES"	"Natural Sciences"
2	"Civil engineering"	"CONSTRUCTION & BUILDING TECHNOLOGY"	"Engineering and Technology"
2	"Civil engineering"	"ENGINEERING, CIVIL"	"Engineering and Technology"
2	"Civil engineering"	"NANOSCIENCE & NANOTECHNOLOGY"	"Engineering and Technology"
2	"Civil engineering"	"TRANSPORTATION SCIENCE & TECHNOLOGY"	"Engineering and Technology"
2	"Electrical engineering, electronic engineering, information engineering"	"AUTOMATION & CONTROL SYSTEMS"	"Engineering and Technology"
2	"Electrical engineering, electronic engineering, information engineering"	"COMPUTER SCIENCE, HARDWARE & ARCHITECTURE"	"Engineering and Technology"
2	"Electrical engineering, electronic engineering, information engineering"	"COMMUNICATION"	"Engineering and Technology"
2	"Electrical engineering, electronic engineering, information engineering"	"ENGINEERING, ELECTRICAL & ELECTRONIC"	"Engineering and Technology"
2	"Electrical engineering, electronic engineering, information engineering"	"ROBOTICS"	"Engineering and Technology"
2	"Electrical engineering, electronic engineering, information engineering"	"TELECOMMUNICATIONS"	"Engineering and Technology"
2	"Mechanical engineering"	"ENGINEERING, AEROSPACE"	"Engineering and Technology"
2	"Mechanical engineering"	"THERMODYNAMICS"	"Engineering and Technology"
2	"Mechanical engineering"	"ENGINEERING, MECHANICAL"	"Engineering and Technology"
2	"Mechanical engineering"	"MECHANICS"	"Engineering and Technology"
2	"Mechanical engineering"	"NUCLEAR SCIENCE & TECHNOLOGY"	"Engineering and Technology"
2	"Chemical engineering"	"ENGINEERING, CHEMICAL"	"Engineering and Technology"
2	"Materials engineering"	"MATERIALS SCIENCE, PAPER & WOOD"	"Engineering and Technology"
2	"Materials engineering"	"MATERIALS SCIENCE, CERAMICS"	"Engineering and Technology"
2	"Materials engineering"	"MATERIALS SCIENCE, MULTIDISCIPLINARY"	"Engineering and Technology"
2	"Materials engineering"	"METALLURGY & METALLURGICAL ENGINEERING"	"Engineering and Technology"
2	"Materials engineering"	"MATERIALS SCIENCE, CHARACTERIZATION & TESTING"	"Engineering and Technology"
2	"Materials engineering"	"MATERIALS SCIENCE, COATINGS & FILMS"	"Engineering and Technology"
2	"Materials engineering"	"MATERIALS SCIENCE, COMPOSITES"	"Engineering and Technology"
2	"Materials engineering"	"MATERIALS SCIENCE, TEXTILES"	"Engineering and Technology"
2	"Medical engineering"	"ENGINEERING, BIOMEDICAL"	"Engineering and Technology"
2	"Medical engineering"	"MEDICAL LABORATORY TECHNOLOGY"	"Engineering and Technology"
2	"Environmental engineering"	"ENERGY & FUELS"	"Engineering and Technology"
2	"Environmental engineering"	"ENGINEERING, ENVIRONMENTAL"	"Engineering and Technology"
2	"Environmental engineering"	"ENGINEERING, MARINE"	"Engineering and Technology"
2	"Environmental engineering"	"ENGINEERING, OCEAN"	"Engineering and Technology"
2	"Environmental engineering"	"ENGINEERING, PETROLEUM"	"Engineering and Technology"
2	"Environmental engineering"	"ENGINEERING, GEOLOGICAL"	"Engineering and Technology"
2	"Environmental engineering"	"REMOTE SENSING"	"Engineering and Technology"
2	"Environmental engineering"	"MINING & MINERAL PROCESSING"	"Engineering and Technology"
2	"Environmental biotechnology"	"BIOTECHNOLOGY & APPLIED MICROBIOLOGY"	"Engineering and Technology"
2	"Industrial Biotechnology"	"MATERIALS SCIENCE, BIOMATERIALS"	"Engineering and Technology"
2	"Nano-technology"	"NANOSCIENCE & NANOTECHNOLOGY"	"Engineering and Technology"
2	"Other engineering and technologies"	"ENGINEERING, MULTIDISCIPLINARY"	"Engineering and Technology"
2	"Other engineering and technologies"	"ENGINEERING, INDUSTRIAL"	"Engineering and Technology"
2	"Other engineering and technologies"	"ENGINEERING, MANUFACTURING"	"Engineering and Technology"
2	"Other engineering and technologies"	"FOOD SCIENCE & TECHNOLOGY"	"Engineering and Technology"
2	"Other engineering and technologies"	"INSTRUMENTS & INSTRUMENTATION"	"Engineering and Technology"
2	"Other engineering and technologies"	"MICROSCOPY"	"Engineering and Technology"
2	"Other engineering and technologies"	"IMAGING SCIENCE & PHOTOGRAPHIC TECHNOLOGY"	"Engineering and Technology"
2	"Other engineering and technologies"	"SPECTROSCOPY"	"Engineering and Technology"
3	"Basic medicine"	"ANATOMY & MORPHOLOGY"	"Medical and Health Sciences"
3	"Basic medicine"	"CHEMISTRY, MEDICINAL"	"Medical and Health Sciences"
3	"Basic medicine"	"PSYCHOLOGY, CLINICAL"	"Medical and Health Sciences"
3	"Basic medicine"	"IMMUNOLOGY"	"Medical and Health Sciences"
3	"Basic medicine"	"MEDICINE, RESEARCH & EXPERIMENTAL"	"Medical and Health Sciences"
3	"Basic medicine"	"NEUROSCIENCES"	"Medical and Health Sciences"
3	"Basic medicine"	"PATHOLOGY"	"Medical and Health Sciences"
3	"Basic medicine"	"PHARMACOLOGY & PHARMACY"	"Medical and Health Sciences"
3	"Basic medicine"	"PHYSIOLOGY"	"Medical and Health Sciences"
3	"Basic medicine"	"TOXICOLOGY"	"Medical and Health Sciences"
3	"Clinical medicine"	"ALLERGY"	"Medical and Health Sciences"
3	"Clinical medicine"	"ANDROLOGY"	"Medical and Health Sciences"
3	"Clinical medicine"	"ANESTHESIOLOGY"	"Medical and Health Sciences"
3	"Clinical medicine"	"ONCOLOGY"	"Medical and Health Sciences"
3	"Clinical medicine"	"CARDIAC & CARDIOVASCULAR SYSTEMS"	"Medical and Health Sciences"
3	"Clinical medicine"	"CRITICAL CARE MEDICINE"	"Medical and Health Sciences"
3	"Clinical medicine"	"EMERGENCY MEDICINE"	"Medical and Health Sciences"
3	"Clinical medicine"	"DENTISTRY, ORAL SURGERY & MEDICINE"	"Medical and Health Sciences"
3	"Clinical medicine"	"DERMATOLOGY"	"Medical and Health Sciences"
3	"Clinical medicine"	"ENDOCRINOLOGY & METABOLISM"	"Medical and Health Sciences"
3	"Clinical medicine"	"GASTROENTEROLOGY & HEPATOLOGY"	"Medical and Health Sciences"
3	"Clinical medicine"	"GERIATRICS & GERONTOLOGY"	"Medical and Health Sciences"
3	"Clinical medicine"	"GERONTOLOGY"	"Medical and Health Sciences"
3	"Clinical medicine"	"HEMATOLOGY"	"Medical and Health Sciences"
3	"Clinical medicine"	"INTEGRATIVE & COMPLEMENTARY MEDICINE"	"Medical and Health Sciences"
3	"Clinical medicine"	"MEDICINE, GENERAL & INTERNAL"	"Medical and Health Sciences"
3	"Clinical medicine"	"CLINICAL NEUROLOGY"	"Medical and Health Sciences"
3	"Clinical medicine"	"NEUROIMAGING"	"Medical and Health Sciences"
3	"Clinical medicine"	"OBSTETRICS & GYNECOLOGY"	"Medical and Health Sciences"
3	"Clinical medicine"	"OPHTHALMOLOGY"	"Medical and Health Sciences"
3	"Clinical medicine"	"ORTHOPEDICS"	"Medical and Health Sciences"
3	"Clinical medicine"	"OTORHINOLARYNGOLOGY"	"Medical and Health Sciences"
3	"Clinical medicine"	"PEDIATRICS"	"Medical and Health Sciences"
3	"Clinical medicine"	"PSYCHIATRY"	"Medical and Health Sciences"
3	"Clinical medicine"	"RADIOLOGY, NUCLEAR MEDICINE & MEDICAL IMAGING"	"Medical and Health Sciences"
3	"Clinical medicine"	"RESPIRATORY SYSTEM"	"Medical and Health Sciences"
3	"Clinical medicine"	"RHEUMATOLOGY"	"Medical and Health Sciences"
3	"Clinical medicine"	"SURGERY"	"Medical and Health Sciences"
3	"Clinical medicine"	"TRANSPLANTATION"	"Medical and Health Sciences"
3	"Clinical medicine"	"UROLOGY & NEPHROLOGY"	"Medical and Health Sciences"
3	"Clinical medicine"	"PERIPHERAL VASCULAR DISEASE"	"Medical and Health Sciences"
3	"Health sciences"	"SUBSTANCE ABUSE"	"Medical and Health Sciences"
3	"Health sciences"	"HEALTH CARE SCIENCES & SERVICES"	"Medical and Health Sciences"
3	"Health sciences"	"HEALTH POLICY & SERVICES"	"Medical and Health Sciences"
3	"Health sciences"	"PUBLIC, ENVIRONMENTAL & OCCUPATIONAL HEALTH"	"Medical and Health Sciences"
3	"Health sciences"	"INFECTIOUS DISEASES"	"Medical and Health Sciences"
3	"Health sciences"	"MEDICAL ETHICS"	"Medical and Health Sciences"
3	"Health sciences"	"MEDICINE, LEGAL"	"Medical and Health Sciences"
3	"Health sciences"	"MEDICAL INFORMATICS"	"Medical and Health Sciences"
3	"Health sciences"	"NURSING"	"Medical and Health Sciences"
3	"Health sciences"	"NUTRITION & DIETETICS"	"Medical and Health Sciences"
3	"Health sciences"	"PARASITOLOGY"	"Medical and Health Sciences"
3	"Health sciences"	"PSYCHOLOGY, PSYCHOANALYSIS"	"Medical and Health Sciences"
3	"Health sciences"	"REHABILITATION"	"Medical and Health Sciences"
3	"Health sciences"	"SOCIAL SCIENCES, BIOMEDICAL"	"Medical and Health Sciences"
3	"Health sciences"	"SPORT SCIENCES"	"Medical and Health Sciences"
3	"Health sciences"	"TROPICAL MEDICINE"	"Medical and Health Sciences"
4	"Agriculture, forestry, and fisheries"	"AGRICULTURE, MULTIDISCIPLINARY"	"Agricultural Sciences"
4	"Agriculture, forestry, and fisheries"	"AGRONOMY"	"Agricultural Sciences"
4	"Agriculture, forestry, and fisheries"	"FISHERIES"	"Agricultural Sciences"
4	"Agriculture, forestry, and fisheries"	"FORESTRY"	"Agricultural Sciences"
4	"Agriculture, forestry, and fisheries"	"HORTICULTURE"	"Agricultural Sciences"
4	"Agriculture, forestry, and fisheries"	"SOIL SCIENCE"	"Agricultural Sciences"
4	"Animal and dairy science"	"AGRICULTURE, DAIRY & ANIMAL SCIENCE"	"Agricultural Sciences"
4	"Veterinary science"	"VETERINARY SCIENCES"	"Agricultural Sciences"
4	"Other agricultural sciences"	"AGRICULTURAL ENGINEERING"	"Agricultural Sciences"
4	"Other agricultural sciences"	"AGRICULTURAL ECONOMICS & POLICY"	"Agricultural Sciences"
4	"Other agricultural sciences"	"FOOD SCIENCE & TECHNOLOGY"	"Agricultural Sciences"
5	"Psychology"	"PSYCHOLOGY, BIOLOGICAL"	"Social Sciences"
5	"Psychology"	"BEHAVIORAL SCIENCES"	"Social Sciences"
5	"Psychology"	"PSYCHOLOGY, EDUCATIONAL"	"Social Sciences"
5	"Psychology"	"ERGONOMICS"	"Social Sciences"
5	"Psychology"	"PSYCHOLOGY, DEVELOPMENTAL"	"Social Sciences"
5	"Psychology"	"PSYCHOLOGY, APPLIED"	"Social Sciences"
5	"Psychology"	"PSYCHOLOGY"	"Social Sciences"
5	"Psychology"	"PSYCHOLOGY, MULTIDISCIPLINARY"	"Social Sciences"
5	"Psychology"	"PSYCHOLOGY, MATHEMATICAL"	"Social Sciences"
5	"Psychology"	"PSYCHOLOGY, EXPERIMENTAL"	"Social Sciences"
5	"Psychology"	"PSYCHOLOGY, SOCIAL"	"Social Sciences"
5	"Economics and business"	"BUSINESS"	"Social Sciences"
5	"Economics and business"	"BUSINESS, FINANCE"	"Social Sciences"
5	"Economics and business"	"ECONOMICS"	"Social Sciences"
5	"Economics and business"	"INDUSTRIAL RELATIONS & LABOR"	"Social Sciences"
5	"Economics and business"	"MANAGEMENT"	"Social Sciences"
5	"Economics and business"	"OPERATIONS RESEARCH & MANAGEMENT SCIENCE"	"Social Sciences"
5	"Educational sciences"	"EDUCATION & EDUCATIONAL RESEARCH"	"Social Sciences"
5	"Educational sciences"	"EDUCATION, SCIENTIFIC DISCIPLINES"	"Social Sciences"
5	"Educational sciences"	"EDUCATION, SPECIAL"	"Social Sciences"
5	"Sociology"	"ANTHROPOLOGY"	"Social Sciences"
5	"Sociology"	"DEMOGRAPHY"	"Social Sciences"
5	"Sociology"	"ETHNIC STUDIES"	"Social Sciences"
5	"Sociology"	"FAMILY STUDIES"	"Social Sciences"
5	"Sociology"	"SOCIAL SCIENCES, MATHEMATICAL METHODS"	"Social Sciences"
5	"Sociology"	"SOCIAL ISSUES"	"Social Sciences"
5	"Sociology"	"SOCIAL SCIENCES, INTERDISCIPLINARY"	"Social Sciences"
5	"Sociology"	"SOCIAL WORK"	"Social Sciences"
5	"Sociology"	"SOCIOLOGY"	"Social Sciences"
5	"Sociology"	"WOMEN'S STUDIES"	"Social Sciences"
5	"Law"	"CRIMINOLOGY & PENOLOGY"	"Social Sciences"
5	"Law"	"LAW"	"Social Sciences"
5	"Political Science"	"INTERNATIONAL RELATIONS"	"Social Sciences"
5	"Political Science"	"POLITICAL SCIENCE"	"Social Sciences"
5	"Political Science"	"PUBLIC ADMINISTRATION"	"Social Sciences"
5	"Social and economic geography"	"AREA STUDIES"	"Social Sciences"
5	"Social and economic geography"	"ENVIRONMENTAL STUDIES"	"Social Sciences"
5	"Social and economic geography"	"GEOGRAPHY"	"Social Sciences"
5	"Social and economic geography"	"PLANNING & DEVELOPMENT"	"Social Sciences"
5	"Social and economic geography"	"TRANSPORTATION"	"Social Sciences"
5	"Social and economic geography"	"URBAN STUDIES"	"Social Sciences"
5	"Media and communications"	"INFORMATION SCIENCE & LIBRARY SCIENCE"	"Social Sciences"
5	"Other social sciences"	"HOSPITALITY, LEISURE, SPORT & TOURISM"	"Social Sciences"
5	"Other social sciences"	"ASIAN STUDIES"	"Social Sciences"
6	"History and archaeology"	"ARCHAEOLOGY"	"Humanities"
6	"History and archaeology"	"HISTORY"	"Humanities"
6	"History and archaeology"	"HISTORY & PHILOSOPHY OF SCIENCE"	"Humanities"
6	"History and archaeology"	"HISTORY OF SOCIAL SCIENCES"	"Humanities"
6	"History and archaeology"	"MEDIEVAL & RENAISSANCE STUDIES"	"Humanities"
6	"Languages and literature"	"CLASSICS"	"Humanities"
6	"Languages and literature"	"FOLKLORE"	"Humanities"
6	"Languages and literature"	"LINGUISTICS"	"Humanities"
6	"Languages and literature"	"LITERARY THEORY & CRITICISM"	"Humanities"
6	"Languages and literature"	"LANGUAGE & LINGUISTICS"	"Humanities"
6	"Languages and literature"	"LITERARY REVIEWS"	"Humanities"
6	"Languages and literature"	"LITERATURE"	"Humanities"
6	"Languages and literature"	"LITERATURE, AFRICAN, AUSTRALIAN, CANADIAN"	"Humanities"
6	"Languages and literature"	"LITERATURE, AMERICAN"	"Humanities"
6	"Languages and literature"	"LITERATURE, BRITISH ISLES"	"Humanities"
6	"Languages and literature"	"LITERATURE, GERMAN, DUTCH, SCANDINAVIAN"	"Humanities"
6	"Languages and literature"	"LITERATURE, ROMANCE"	"Humanities"
6	"Languages and literature"	"LITERATURE, SLAVIC"	"Humanities"
6	"Languages and literature"	"POETRY"	"Humanities"
6	"Philosophy, ethics and religion"	"ETHICS"	"Humanities"
6	"Philosophy, ethics and religion"	"PHILOSOPHY"	"Humanities"
6	"Philosophy, ethics and religion"	"RELIGION"	"Humanities"
6	"Art (arts, history of arts, performing arts, music)"	"ARCHITECTURE"	"Humanities"
6	"Art (arts, history of arts, performing arts, music)"	"ART"	"Humanities"
6	"Art (arts, history of arts, performing arts, music)"	"DANCE"	"Humanities"
6	"Art (arts, history of arts, performing arts, music)"	"FILM, RADIO, TELEVISION"	"Humanities"
6	"Art (arts, history of arts, performing arts, music)"	"MUSIC"	"Humanities"
6	"Art (arts, history of arts, performing arts, music)"	"THEATER"	"Humanities"
6	"Other humanities"	"HUMANITIES, MULTIDISCIPLINARY"	"Humanities"
6	NA	"CULTURAL STUDIES"	"Humanities"
3	NA	"PRIMARY HEALTH CARE"	"Medical and Health Sciences"
